{"cameraMode":{"drawMode":0,"name":"Shaded","section":"Shading Mode"},"sceneLighting":true,"audioPlay":false,"sceneViewState":{"showFog":true,"showMaterialUpdate":false,"showSkybox":true,"showFlares":true,"showImageEffects":true,"showParticleSystems":true},"in2DMode":false,"pivot":{"x":-8.115279197692871,"y":-21.403423309326173,"z":-30.841663360595704},"rotation":{"x":0.004462384153157473,"y":-0.9351831674575806,"z":0.35393986105918887,"w":0.011790262535214424},"size":70.48946380615235,"orthographic":false}