{"cameraMode":{"drawMode":0,"name":"Shaded","section":"Shading Mode"},"sceneLighting":true,"audioPlay":false,"sceneViewState":{"showFog":true,"showMaterialUpdate":false,"showSkybox":true,"showFlares":true,"showImageEffects":true,"showParticleSystems":true},"in2DMode":false,"pivot":{"x":-28.74560546875,"y":1.185546875,"z":-10.783023834228516},"rotation":{"x":-0.08982808887958527,"y":-0.8342732787132263,"z":0.14278310537338258,"w":-0.5249114632606506},"size":7.045965194702148,"orthographic":true}