{"cameraMode":{"drawMode":0,"name":"Shaded","section":"Shading Mode"},"sceneLighting":true,"audioPlay":false,"sceneViewState":{"showFog":true,"showMaterialUpdate":false,"showSkybox":true,"showFlares":true,"showImageEffects":true,"showParticleSystems":true},"in2DMode":false,"pivot":{"x":-24.31955337524414,"y":-3.2345223426818849,"z":-16.382701873779298},"rotation":{"x":0.005208704154938459,"y":-0.9770395755767822,"z":0.21163228154182435,"w":0.02404649369418621},"size":13.16010570526123,"orthographic":false}