{"cameraMode":{"drawMode":0,"name":"Shaded","section":"Shading Mode"},"sceneLighting":false,"audioPlay":false,"sceneViewState":{"showFog":true,"showMaterialUpdate":false,"showSkybox":false,"showFlares":true,"showImageEffects":true,"showParticleSystems":true},"in2DMode":false,"pivot":{"x":0.0000016689300537109376,"y":1.4134800434112549,"z":-0.07679980993270874},"rotation":{"x":-0.003246316919103265,"y":-0.9898118376731873,"z":0.1404958814382553,"w":-0.02287054993212223},"size":9.626714706420899,"orthographic":true}