{"cameraMode":{"drawMode":0,"name":"Shaded","section":"Shading Mode"},"sceneLighting":false,"audioPlay":false,"sceneViewState":{"showFog":true,"showMaterialUpdate":false,"showSkybox":false,"showFlares":true,"showImageEffects":true,"showParticleSystems":true},"in2DMode":false,"pivot":{"x":-25.468948364257814,"y":1.4989013671875,"z":-10.1142578125},"rotation":{"x":-0.08982808887958527,"y":-0.8342732787132263,"z":0.14278310537338258,"w":-0.5249114632606506},"size":0.34294572472572329,"orthographic":true}