{"cameraMode":{"drawMode":0,"name":"Shaded","section":"Shading Mode"},"sceneLighting":true,"audioPlay":false,"sceneViewState":{"showFog":true,"showMaterialUpdate":false,"showSkybox":true,"showFlares":true,"showImageEffects":true,"showParticleSystems":true},"in2DMode":false,"pivot":{"x":-24.6513671875,"y":6.5107421875,"z":-17.119140625},"rotation":{"x":0.08577323704957962,"y":0.8722663521766663,"z":-0.16549649834632874,"w":0.45211201906204226},"size":18.503042221069337,"orthographic":true}